text,label,notes,source_url
"Reminder: Don't be a bozo. Don't brigade other team subs and if you're out tonight, keep it civil, stay safe and represent NY right. It's all love, baby.",constructive_analysis,Moderator-style civility reminder; discourse quality relevant.,https://www.reddit.com/r/NYKnicks/comments/1u0toab/postgame_thread_san_antonio_spurs_12_defeat_new/
OG Anunoby just sealed his destiny as an all time New York Knicks legend. People will talk about that tip in 50 years from now. Core memory unlocked.,constructive_analysis,Substantive historical/player impact reflection.,https://www.reddit.com/r/NYKnicks/comments/1u2nvxe/postgame_thread_new_york_knicks_31_defeat_san/
Easily one of the best acquisitions in team history,constructive_analysis,Short but evaluates roster move/player value.,https://www.reddit.com/r/NYKnicks/comments/1u0toab/postgame_thread_san_antonio_spurs_12_defeat_new/
Knew it was gonna be special after Wemby missed those free throws. Thats gotta be his canon event.,constructive_analysis,Connects specific play to game momentum.,https://www.reddit.com/r/NYKnicks/comments/1u0toab/postgame_thread_san_antonio_spurs_12_defeat_new/
Play of the century for the Knicks by anunoby,constructive_analysis,Player/play evaluation.,https://www.reddit.com/r/NYKnicks/comments/1u2nvxe/postgame_thread_new_york_knicks_31_defeat_san/
OG quietly muttering to himself all game3 and 4 “wtf are these clowns doing” as he just balls over and over and over and over like clockwork,constructive_analysis,Informal but discusses player performance over multiple games.,https://www.reddit.com/r/NYKnicks/comments/1u2nvxe/postgame_thread_new_york_knicks_31_defeat_san/
My whole fucking life the Knicks have lost this game. One of my first sports memories was the heartbreak of the 94 finals. I cannot believe that just happened.,constructive_analysis,Historical/team context.,https://www.reddit.com/r/NYKnicks/comments/1u2nvxe/postgame_thread_new_york_knicks_31_defeat_san/
OG is not phased by the MSG distractions. I love it.,constructive_analysis,Player composure observation.,https://www.reddit.com/r/NYKnicks/comments/1u2nvxe/postgame_thread_new_york_knicks_31_defeat_san/
Adam Silver? You tried it. Tony Brothers? You tried it. Zach Zarba? You tried it. LGK!!,constructive_analysis,Borderline complaint but references officiating context.,https://www.reddit.com/r/NYKnicks/comments/1u0toab/postgame_thread_san_antonio_spurs_12_defeat_new/
I remember saying Game 7 of the 2016 NBA was the greatest 4th quarter I’ve ever seen…. This was even better,constructive_analysis,Compares game quality to historical NBA context.,https://www.reddit.com/r/NYKnicks/comments/1u0toab/postgame_thread_san_antonio_spurs_12_defeat_new/
So ive never been to the east coast and dont really follow NBA. tuned into last quarter. Holy shit is basketball always this exciting!?!!? New York won me over. Now win that championship!,constructive_analysis,Reflects on game impact and audience conversion.,https://www.reddit.com/r/NYKnicks/comments/1u0toab/postgame_thread_san_antonio_spurs_12_defeat_new/
This night will be talked about for decades.,constructive_analysis,Historical significance claim.,https://www.reddit.com/r/NYKnicks/comments/1u0toab/postgame_thread_san_antonio_spurs_12_defeat_new/
Holy fuck what a comeback. “Play until the buzzer” really proved itself tonight,constructive_analysis,Explains lesson from game outcome.,https://www.reddit.com/r/NYKnicks/comments/1u0toab/postgame_thread_san_antonio_spurs_12_defeat_new/
"NGL, Harts missed layup gave me flashbacks of Ewings back of the rim miss. Definitely felt my heart skip a beat lol",constructive_analysis,Historical Knicks comparison.,https://www.reddit.com/r/NYKnicks/comments/1u0toab/postgame_thread_san_antonio_spurs_12_defeat_new/
"This team has to fight against the Spurs, refs, an incompetent self-sabataging ownership and still comes out of the other side. Special, special group",constructive_analysis,Team evaluation with context.,https://www.reddit.com/r/NYKnicks/comments/1u0toab/postgame_thread_san_antonio_spurs_12_defeat_new/
Imagine the refs giving your best player the red carpet 90s into the game. Hitting every 3pter because of it and still losing the game LmaOoo,constructive_analysis,"Refs/game-flow analysis, although sarcastic.",https://www.reddit.com/r/NYKnicks/comments/1u0toab/postgame_thread_san_antonio_spurs_12_defeat_new/
Too many of you guys were giving up after the 1st????? Are you kidding me???? Knicks are a team of destiny LFGGGGGGG. KNICKS IN 5!!!!!!!,constructive_analysis,Fan reaction plus team resilience point.,https://www.reddit.com/r/NYKnicks/comments/1u0toab/postgame_thread_san_antonio_spurs_12_defeat_new/
"How about Wemby choking on his free throws,karma",constructive_analysis,Specific game event; borderline casual.,https://www.reddit.com/r/NYKnicks/comments/1u0toab/postgame_thread_san_antonio_spurs_12_defeat_new/
Tale of two halves is an understatement. Held those fools to 30 fucking points in the second half. NY bitches…never quit.,constructive_analysis,Mentions second-half defense; hostile wording but not direct user attack.,https://www.reddit.com/r/NYKnicks/comments/1u0toab/postgame_thread_san_antonio_spurs_12_defeat_new/
"I'll never see anything else like this again. What a fucking historic game. Sign these dudes for life, every last one of them. They never gave up even when 90% of the fans were already tossing in the towel on the whole series.",constructive_analysis,Team resilience and roster sentiment.,https://www.reddit.com/r/NYKnicks/comments/1u0toab/postgame_thread_san_antonio_spurs_12_defeat_new/
OG and Brunson literally willed us to this win. Incredible from them both!,constructive_analysis,Player performance attribution.,https://www.reddit.com/r/NYKnicks/comments/1u0toab/postgame_thread_san_antonio_spurs_12_defeat_new/
"I know this is just a footnote in this moment, but I'd like to point out that Tyler Kolek has 8 more points in the ecf than Joel Embiid",constructive_analysis,Uses a statistic/comparison.,https://www.reddit.com/r/NYKnicks/comments/1u0toab/postgame_thread_san_antonio_spurs_12_defeat_new/
"Shamet outscored playoff Harden, though we shouldn't be surprised at this point",constructive_analysis,Player/stat comparison.,https://www.reddit.com/r/NYKnicks/comments/1tntnip/post_game_thread_nba_the_knicks_defeat_the/
"27 years not even being in the Finals is legit so long. I mean, it was a few years before Lebron was even in the league. To an entire generation of NBA fans, the Knicks being good was like a fable. It was 7 years ago that Durant laughed at the notion of the Knicks being a destination. And now? Not only has this team made it to the Finals but they're on a several year run of being one of the best teams in the NBA. It's surreal.",constructive_analysis,Extended historical analysis.,https://www.reddit.com/r/NYKnicks/comments/1tntnip/post_game_thread_nba_the_knicks_defeat_the/
Inside the nBA forgot to mention OG as another Finals experienced player on the roster. we are honestly solid going in lets FINISH THIS SHIT,constructive_analysis,Roster experience point.,https://www.reddit.com/r/NYKnicks/comments/1tntnip/post_game_thread_nba_the_knicks_defeat_the/
I am 1000% positive that Landry Shamet will have a career in NBA commentating when his playing days are over…,constructive_analysis,Player future/skill evaluation.,https://www.reddit.com/r/NYKnicks/comments/1qfxbrt/post_game_thread_nba_the_suns_defeat_the_knicks/
7 mins of garbage time in Q4 is a beautiful thing. Headed home from the west village and the city’s energy is incredible. LGK!!,constructive_analysis,Game situation plus fan context.,https://www.reddit.com/r/NYKnicks/comments/1u0toab/postgame_thread_san_antonio_spurs_12_defeat_new/
Good luck to the Cavs in the analytics finals!,constructive_analysis,Sarcastic but references analytics narrative.,https://www.reddit.com/r/NYKnicks/comments/1tntnip/post_game_thread_nba_the_knicks_defeat_the/
Refs were horrendous but you can't go 0/10 from 3 at one point.,constructive_analysis,Balanced game analysis.,https://www.reddit.com/r/NYKnicks/comments/1u0toab/postgame_thread_san_antonio_spurs_12_defeat_new/
Free throws differential in the second half has been absolutely disgusting. The same thing happened to the Thunder. This is beyond ridiculous. I dont know how you Knicks fan aren't losing your mind. Nothing else is worth talking about. Absolute bull shit.,constructive_analysis,Officiating/stat differential analysis.,https://www.reddit.com/r/NYKnicks/comments/1u0toab/postgame_thread_san_antonio_spurs_12_defeat_new/
Knicks were absolutely awful tonight.,constructive_analysis,Concise performance evaluation.,https://www.reddit.com/r/NYKnicks/comments/1u2nvxe/postgame_thread_new_york_knicks_31_defeat_san/
Brunson had two very very poor turnovers in the 3rd and a pretty bad game overall. First was turnover in beginning of second half. Second was the turnover passing to anunoby after Hart drained a 3 right to put us up 4. Both led to runs for spurs. Those are back breaking. Gotta be better with the ball,constructive_analysis,Detailed basketball reasoning.,https://www.reddit.com/r/NYKnicks/comments/1u0toab/postgame_thread_san_antonio_spurs_12_defeat_new/
Would've preferred to win in 4 but winning in 5 and only losing the game Trump attended will be fine,constructive_analysis,Series outlook; borderline casual.,https://www.reddit.com/r/NYKnicks/comments/1u0toab/postgame_thread_san_antonio_spurs_12_defeat_new/
The refs will be the downfall of the nba. This shit is absolutely disgusting how blatant it is.,constructive_analysis,Officiating critique.,https://www.reddit.com/r/NYKnicks/comments/1u0toab/postgame_thread_san_antonio_spurs_12_defeat_new/
Insanely disappointing. Game 4 is a must win.,constructive_analysis,Series stakes analysis.,https://www.reddit.com/r/NYKnicks/comments/1u0toab/postgame_thread_san_antonio_spurs_12_defeat_new/
"Refs were terrible, Trump cursed us, and Brunson killed any momentum we had with each of his turnovers.",constructive_analysis,Identifies causes of loss.,https://www.reddit.com/r/NYKnicks/comments/1u0toab/postgame_thread_san_antonio_spurs_12_defeat_new/
"Towns, Bridges, Shamet gotta wake up, and tighten up the first half defense.",constructive_analysis,Specific adjustment suggestion.,https://www.reddit.com/r/NYKnicks/comments/1u0toab/postgame_thread_san_antonio_spurs_12_defeat_new/
"Extremely winnable game. If we lose this series this one will be the reason why. Can’t let games like this slip in the goddamn finals. Brunson has to get it together, his performance has been unacceptable.",constructive_analysis,Game impact and player critique.,https://www.reddit.com/r/NYKnicks/comments/1u0toab/postgame_thread_san_antonio_spurs_12_defeat_new/
The spurs officially average 10 more FTA a game than the Knicks (not including hackamitch) these refs are horrendous.,constructive_analysis,Uses free throw differential.,https://www.reddit.com/r/NYKnicks/comments/1u0toab/postgame_thread_san_antonio_spurs_12_defeat_new/
"As much as I love Brunson, the hero ball shit is great when it works but if you're down and have wide open teammates who are hitting shots maybe dont try to take on all the spurs yourself. JS. LFGK",constructive_analysis,Constructive offensive critique.,https://www.reddit.com/r/NYKnicks/comments/1u0toab/postgame_thread_san_antonio_spurs_12_defeat_new/
We played like shit but the refs were blantly doing their best to get the spurs back into this. Can’t win games when your opponent is in the bonus with 9 mins left every quarter. Really hope this L doesn’t lead us into a slide. If we lose Wednesday we’re going to be fighting an uphill battle agains the spurs and this disgusting whistle.,constructive_analysis,Game-flow and series risk analysis.,https://www.reddit.com/r/NYKnicks/comments/1u0toab/postgame_thread_san_antonio_spurs_12_defeat_new/
"Shot better from 2 and better from 3, just had 10 less free throws, hopefully one game they can at least be even in free throws - 3 games in a row being -10 in free throws is tough to beat",constructive_analysis,Stat-based game analysis.,https://www.reddit.com/r/NYKnicks/comments/1u0toab/postgame_thread_san_antonio_spurs_12_defeat_new/
The ball needs to go through OG a lot more on offense. When Brunson is off idk why we continue to force it through him when we have guys like mikal og and KAT,constructive_analysis,Offensive adjustment suggestion.,https://www.reddit.com/r/NYKnicks/comments/1u0toab/postgame_thread_san_antonio_spurs_12_defeat_new/
Stupid turnovers killed us.,constructive_analysis,Concise cause-of-loss analysis.,https://www.reddit.com/r/NYKnicks/comments/1u0toab/postgame_thread_san_antonio_spurs_12_defeat_new/
Without looking at the box score it felt like the Knicks just had way too many turnovers this game,constructive_analysis,Game diagnosis.,https://www.reddit.com/r/NYKnicks/comments/1u0toab/postgame_thread_san_antonio_spurs_12_defeat_new/
"The Knicks playing badly shouldn't fool anyone about how the officiating has been favoring the Spurs all series. There weren't many egregious calls. But all 50/50 calls were given to Spurs, enough to win them the game.",constructive_analysis,Nuanced officiating analysis.,https://www.reddit.com/r/NYKnicks/comments/1u0toab/postgame_thread_san_antonio_spurs_12_defeat_new/
Knicks did not play well. But also the Refs were garbage. You're always going to have off games but it's hard to overcome those when the refs are handing it to the other team.,constructive_analysis,Balanced game analysis.,https://www.reddit.com/r/NYKnicks/comments/1u0toab/postgame_thread_san_antonio_spurs_12_defeat_new/
Jalen Brunson cannot keep shooting this volume at close to 33 percent efficiency. We have gone back to Brunson ball. Have to change it up on offense,constructive_analysis,Specific efficiency/offense critique.,https://www.reddit.com/r/NYKnicks/comments/1u0toab/postgame_thread_san_antonio_spurs_12_defeat_new/
Ref ball and the worst played game of the playoffs all around and it’s only a 4 point loss. Game was there to take. I’m confident they’ll be better on Wednesday.,constructive_analysis,Game assessment and outlook.,https://www.reddit.com/r/NYKnicks/comments/1u0toab/postgame_thread_san_antonio_spurs_12_defeat_new/
Brunson gotta stop with the hero iso ball. Guys weren’t getting involved in the game and were ice cold. Kat looked like he was afraid of the ball tonight,constructive_analysis,Offensive critique.,https://www.reddit.com/r/NYKnicks/comments/1u0toab/postgame_thread_san_antonio_spurs_12_defeat_new/
"Two of some of the most important stats, Kat 11 points +6 on the floor , Bridges 2 points +11 on the floor. Only two guys with a positive plus minus on the team. If the team doesn't get those two guys involved early, they are going to drift most of the game. That has to be the adjustment next game.",constructive_analysis,Uses stats and suggests adjustment.,https://www.reddit.com/r/NYKnicks/comments/1u0toab/postgame_thread_san_antonio_spurs_12_defeat_new/
Too much JB hero ball early on,constructive_analysis,Offensive critique.,https://www.reddit.com/r/NYKnicks/comments/1u0toab/postgame_thread_san_antonio_spurs_12_defeat_new/
Mikal only had 2 points….we win if he does anything,constructive_analysis,Player performance critique.,https://www.reddit.com/r/NYKnicks/comments/1qfxbrt/post_game_thread_nba_the_suns_defeat_the_knicks/
What do we have to do to get a single evenly officiated game this series ? Spurs can play rough but Knicks can’t - so frustrating to watch.,constructive_analysis,Officiating consistency critique.,https://www.reddit.com/r/NYKnicks/comments/1u0toab/postgame_thread_san_antonio_spurs_12_defeat_new/
"For whatever it’s worth, they played really badly throughout and still only lost by 4.",constructive_analysis,Balanced outcome analysis.,https://www.reddit.com/r/NYKnicks/comments/1u0toab/postgame_thread_san_antonio_spurs_12_defeat_new/
There was a point deep in the 4th quarter where the spurs had shot 22 free throws in the 2nd half and the knicks only had 4.......yeah the ref ball is brutal,constructive_analysis,Specific stat-based complaint.,https://www.reddit.com/r/NYKnicks/comments/1u0toab/postgame_thread_san_antonio_spurs_12_defeat_new/
brunson cannot hold the ball till the clock hits 10 secs his father need to yell at him for the one time,constructive_analysis,Possession/timing critique.,https://www.reddit.com/r/NYKnicks/comments/1u0toab/postgame_thread_san_antonio_spurs_12_defeat_new/
"Yeah, this was a real head scratcher for me. He was a liability on both sides of the court for 2 minutes and was still out there.",constructive_analysis,Rotation/player critique.,https://www.reddit.com/r/NYKnicks/comments/1u0toab/postgame_thread_san_antonio_spurs_12_defeat_new/
Yea why not shamet down the stretch there??,constructive_analysis,Rotation question.,https://www.reddit.com/r/NYKnicks/comments/1u0toab/postgame_thread_san_antonio_spurs_12_defeat_new/
"played like dogshit all night, racked up fouls in the second half, rewarded with closing. McCullar and Diawara (not great recently but still) banished to the shadow realm again. Shamet nowhere to be seen.",constructive_analysis,Rotation critique with specifics.,https://www.reddit.com/r/NYKnicks/comments/1qfxbrt/post_game_thread_nba_the_suns_defeat_the_knicks/
I’m giving Shamet a few weeks to get back in the flow,constructive_analysis,Player adjustment/patience point.,https://www.reddit.com/r/NYKnicks/comments/1qfxbrt/post_game_thread_nba_the_suns_defeat_the_knicks/
I used to love him but now i swear i don't understand how is consistently considered one of the best big men ever when he's playing well under his contract this year,constructive_analysis,Player value/performance critique.,https://www.reddit.com/r/NYKnicks/comments/1u0toab/postgame_thread_san_antonio_spurs_12_defeat_new/
I don’t think anyone really considers him that,constructive_analysis,Pushback on claim.,https://www.reddit.com/r/NYKnicks/comments/1u0toab/postgame_thread_san_antonio_spurs_12_defeat_new/
"Mike Brown has lost the team, they don't even want to try",constructive_analysis,Coaching/team-effort critique.,https://www.reddit.com/r/NYKnicks/comments/1qfxbrt/post_game_thread_nba_the_suns_defeat_the_knicks/
That last minute or so with the suns getting a steal and KAT airballing show this team is done. They gave up down 7 with 2 minutes left. 3 fucking players let Royce Oneal shoot a wide open 3. He missed it obviously but its insane they just watched him.,constructive_analysis,Detailed end-game critique.,https://www.reddit.com/r/NYKnicks/comments/1qfxbrt/post_game_thread_nba_the_suns_defeat_the_knicks/
I don’t think it’s too early at this point. This is at the halfway point of the season. This team is what they are and players have regressed,constructive_analysis,Season-level assessment.,https://www.reddit.com/r/NYKnicks/comments/1u0toab/postgame_thread_san_antonio_spurs_12_defeat_new/
"I personally like JC , but Shamet shoulda been in the game in those last minutes especially when you see JC keeps missing his open 3s",constructive_analysis,Rotation adjustment suggestion.,https://www.reddit.com/r/NYKnicks/comments/1qfxbrt/post_game_thread_nba_the_suns_defeat_the_knicks/
"Paying for Mikal was a mistake i'm sorry. OG and KAT struggled shooting but they desperately tried. Meanwhile Mikal doesn't do shit on offense and gets lost on every screen on defense. Perfect summary of Mikal's game is the last possession where we needed a quick 3, he slowly dribbles up the ball and throws it to OG for a 35 footer.",constructive_analysis,Detailed player/roster critique.,https://www.reddit.com/r/NYKnicks/comments/1qfxbrt/post_game_thread_nba_the_suns_defeat_the_knicks/
He is a very overrated defender. He can't fight through screens. This has been the problem since the first day that he got traded.,constructive_analysis,Player skill analysis.,https://www.reddit.com/r/NYKnicks/comments/1u0toab/postgame_thread_san_antonio_spurs_12_defeat_new/
His defense declined but his initial reputation stuck.,constructive_analysis,Player reputation/performance analysis.,https://www.reddit.com/r/NYKnicks/comments/1u0toab/postgame_thread_san_antonio_spurs_12_defeat_new/
NOT UNTIL THE FUCKING CLOCK HITS ZERO,casual_reaction,Fan reaction / joke / low-detail emotional comment.,https://www.reddit.com/r/NYKnicks/comments/1u2nvxe/postgame_thread_new_york_knicks_31_defeat_san/
NEW YORK FUCKING KNICKSS,casual_reaction,Fan reaction / joke / low-detail emotional comment.,https://www.reddit.com/r/NYKnicks/comments/1u2nvxe/postgame_thread_new_york_knicks_31_defeat_san/
WHAT THE FUCK IS THIS LIFE,casual_reaction,Fan reaction / joke / low-detail emotional comment.,https://www.reddit.com/r/NYKnicks/comments/1u2nvxe/postgame_thread_new_york_knicks_31_defeat_san/
YERRRRRRRR,casual_reaction,Fan reaction / joke / low-detail emotional comment.,https://www.reddit.com/r/NYKnicks/comments/1u2nvxe/postgame_thread_new_york_knicks_31_defeat_san/
Hey hey get out of here lol,casual_reaction,Fan reaction / joke / low-detail emotional comment.,https://www.reddit.com/r/NYKnicks/comments/1u2nvxe/postgame_thread_new_york_knicks_31_defeat_san/
I know right,casual_reaction,Fan reaction / joke / low-detail emotional comment.,https://www.reddit.com/r/NYKnicks/comments/1u2nvxe/postgame_thread_new_york_knicks_31_defeat_san/
Bro forgot to pay rent and got evicted from the head,casual_reaction,Fan reaction / joke / low-detail emotional comment.,https://www.reddit.com/r/NYKnicks/comments/1u2nvxe/postgame_thread_new_york_knicks_31_defeat_san/
Talk that shit now,casual_reaction,Fan reaction / joke / low-detail emotional comment.,https://www.reddit.com/r/NYKnicks/comments/1u2nvxe/postgame_thread_new_york_knicks_31_defeat_san/
this one's for wemby,casual_reaction,Fan reaction / joke / low-detail emotional comment.,https://www.reddit.com/r/NYKnicks/comments/1u2nvxe/postgame_thread_new_york_knicks_31_defeat_san/
Never in doubt,casual_reaction,Fan reaction / joke / low-detail emotional comment.,https://www.reddit.com/r/NYKnicks/comments/1u2nvxe/postgame_thread_new_york_knicks_31_defeat_san/
never doubted. my receipts all clear on my comment history in the last hour,casual_reaction,Fan reaction / joke / low-detail emotional comment.,https://www.reddit.com/r/NYKnicks/comments/1u2nvxe/postgame_thread_new_york_knicks_31_defeat_san/
JUST ONE MORE WIN ‼️,casual_reaction,Fan reaction / joke / low-detail emotional comment.,https://www.reddit.com/r/NYKnicks/comments/1u2nvxe/postgame_thread_new_york_knicks_31_defeat_san/
"OG Anunoby, you are a Knicks legend and probably finals MVP",casual_reaction,Fan reaction / joke / low-detail emotional comment.,https://www.reddit.com/r/NYKnicks/comments/1u2nvxe/postgame_thread_new_york_knicks_31_defeat_san/
most incredible thing I've seen in my life!,casual_reaction,Fan reaction / joke / low-detail emotional comment.,https://www.reddit.com/r/NYKnicks/comments/1u2nvxe/postgame_thread_new_york_knicks_31_defeat_san/
100% Knicks gotta retire OG’s jersey number after this,casual_reaction,Fan reaction / joke / low-detail emotional comment.,https://www.reddit.com/r/NYKnicks/comments/1u2nvxe/postgame_thread_new_york_knicks_31_defeat_san/
"The greatest game in NBA history was just played in the garden, and we won.",casual_reaction,Fan reaction / joke / low-detail emotional comment.,https://www.reddit.com/r/NYKnicks/comments/1u2nvxe/postgame_thread_new_york_knicks_31_defeat_san/
BING FUCKING BONG,casual_reaction,Fan reaction / joke / low-detail emotional comment.,https://www.reddit.com/r/NYKnicks/comments/1u2nvxe/postgame_thread_new_york_knicks_31_defeat_san/
THIS IS WHY YOU WATCH TO THE END OF THE FUCKING GAME AND NEVER STOP BELIEVING:,casual_reaction,Fan reaction / joke / low-detail emotional comment.,https://www.reddit.com/r/NYKnicks/comments/1u2nvxe/postgame_thread_new_york_knicks_31_defeat_san/
This may have been the greatest game in history,casual_reaction,Fan reaction / joke / low-detail emotional comment.,https://www.reddit.com/r/NYKnicks/comments/1u2nvxe/postgame_thread_new_york_knicks_31_defeat_san/
when you come to NYC you better go up 30 because 29 not enough,casual_reaction,Fan reaction / joke / low-detail emotional comment.,https://www.reddit.com/r/NYKnicks/comments/1u2nvxe/postgame_thread_new_york_knicks_31_defeat_san/
Knicks now 2-0 in games Taylor Swift attends,casual_reaction,Fan reaction / joke / low-detail emotional comment.,https://www.reddit.com/r/NYKnicks/comments/1u2nvxe/postgame_thread_new_york_knicks_31_defeat_san/
I'm just gonna say it. When Trump was there we lost when Taylor Swift was there we had the greatest comeback in finals history,casual_reaction,Fan reaction / joke / low-detail emotional comment.,https://www.reddit.com/r/NYKnicks/comments/1u0toab/postgame_thread_san_antonio_spurs_12_defeat_new/
"HOLY SHIT, GREATEST FUCKING COMEBACK, LETS FUCKING GO",casual_reaction,Fan reaction / joke / low-detail emotional comment.,https://www.reddit.com/r/NYKnicks/comments/1u2nvxe/postgame_thread_new_york_knicks_31_defeat_san/
OG IS FUCKING ELITE. A BONAFIDE KNICKS LEGEND.,casual_reaction,Fan reaction / joke / low-detail emotional comment.,https://www.reddit.com/r/NYKnicks/comments/1u2nvxe/postgame_thread_new_york_knicks_31_defeat_san/
Greatest NBA game i’ll ever see in my lifetime. I rage quit 2 separate times. The highs and lows were unlike anything,casual_reaction,Fan reaction / joke / low-detail emotional comment.,https://www.reddit.com/r/NYKnicks/comments/1u2nvxe/postgame_thread_new_york_knicks_31_defeat_san/
Can't lose in front of WuTang,casual_reaction,Fan reaction / joke / low-detail emotional comment.,https://www.reddit.com/r/NYKnicks/comments/1u2nvxe/postgame_thread_new_york_knicks_31_defeat_san/
"WEMBY TRIED, WEMBY DENIED, WEMBY CRIED, KNICKS IN 5",casual_reaction,Fan reaction / joke / low-detail emotional comment.,https://www.reddit.com/r/NYKnicks/comments/1u2nvxe/postgame_thread_new_york_knicks_31_defeat_san/
OG IS A NEW YORK LEGEND!!! 1 MORE WIN BABY!!! LET'S GO KNICKS!!,casual_reaction,Fan reaction / joke / low-detail emotional comment.,https://www.reddit.com/r/NYKnicks/comments/1u2nvxe/postgame_thread_new_york_knicks_31_defeat_san/
This game took 5 years off my lifespan but IDGAF LETS GO KNICKS,casual_reaction,Fan reaction / joke / low-detail emotional comment.,https://www.reddit.com/r/NYKnicks/comments/1u2nvxe/postgame_thread_new_york_knicks_31_defeat_san/
BRUNSON I’m sorry I doubted you captain,casual_reaction,Fan reaction / joke / low-detail emotional comment.,https://www.reddit.com/r/NYKnicks/comments/1u2nvxe/postgame_thread_new_york_knicks_31_defeat_san/
Thunder fan here but rooting for you guys. One more to go boys,casual_reaction,Fan reaction / joke / low-detail emotional comment.,https://www.reddit.com/r/NYKnicks/comments/1u2nvxe/postgame_thread_new_york_knicks_31_defeat_san/
I am sitting in shock. What did I just watch,casual_reaction,Fan reaction / joke / low-detail emotional comment.,https://www.reddit.com/r/NYKnicks/comments/1u2nvxe/postgame_thread_new_york_knicks_31_defeat_san/
IM IN FUCKING TEARS WHAT THE FUCK,casual_reaction,Fan reaction / joke / low-detail emotional comment.,https://www.reddit.com/r/NYKnicks/comments/1u2nvxe/postgame_thread_new_york_knicks_31_defeat_san/
Holy hell I legitimately cannot believe they won that game. And I thought the Cavs game 1 was a miracle,casual_reaction,Fan reaction / joke / low-detail emotional comment.,https://www.reddit.com/r/NYKnicks/comments/1tntnip/post_game_thread_nba_the_knicks_defeat_the/
In frozen in shock.,casual_reaction,Fan reaction / joke / low-detail emotional comment.,https://www.reddit.com/r/NYKnicks/comments/1u2nvxe/postgame_thread_new_york_knicks_31_defeat_san/
The Jeter flip play,casual_reaction,Fan reaction / joke / low-detail emotional comment.,https://www.reddit.com/r/NYKnicks/comments/1u2nvxe/postgame_thread_new_york_knicks_31_defeat_san/
OG YOU SO TOUGH,casual_reaction,Fan reaction / joke / low-detail emotional comment.,https://www.reddit.com/r/NYKnicks/comments/1u2nvxe/postgame_thread_new_york_knicks_31_defeat_san/
I have no words. The biggest comeback in finals history. Wow.,casual_reaction,Fan reaction / joke / low-detail emotional comment.,https://www.reddit.com/r/NYKnicks/comments/1u2nvxe/postgame_thread_new_york_knicks_31_defeat_san/
HOLY FUCK I AM SO HAPPY FOR YOU GUYS OMFG GO NY GO NY GO,casual_reaction,Fan reaction / joke / low-detail emotional comment.,https://www.reddit.com/r/NYKnicks/comments/1u2nvxe/postgame_thread_new_york_knicks_31_defeat_san/
GIVE OG 100 MILLION DOLLARS,casual_reaction,Fan reaction / joke / low-detail emotional comment.,https://www.reddit.com/r/NYKnicks/comments/1u2nvxe/postgame_thread_new_york_knicks_31_defeat_san/
OG will forever be a god in NY,casual_reaction,Fan reaction / joke / low-detail emotional comment.,https://www.reddit.com/r/NYKnicks/comments/1u2nvxe/postgame_thread_new_york_knicks_31_defeat_san/
HOLY FUCK I AM SHAKING. LETS FUCKING GOOOO,casual_reaction,Fan reaction / joke / low-detail emotional comment.,https://www.reddit.com/r/NYKnicks/comments/1u2nvxe/postgame_thread_new_york_knicks_31_defeat_san/
I love OG so much.,casual_reaction,Fan reaction / joke / low-detail emotional comment.,https://www.reddit.com/r/NYKnicks/comments/1u2nvxe/postgame_thread_new_york_knicks_31_defeat_san/
I stopped watching at halftime and had sex with my wife. You're all welcome.,casual_reaction,Fan reaction / joke / low-detail emotional comment.,https://www.reddit.com/r/NYKnicks/comments/1u2nvxe/postgame_thread_new_york_knicks_31_defeat_san/
There is literally no piece of content that I will not consume about this game,casual_reaction,Fan reaction / joke / low-detail emotional comment.,https://www.reddit.com/r/NYKnicks/comments/1u2nvxe/postgame_thread_new_york_knicks_31_defeat_san/
can’t believe i just watched history.,casual_reaction,Fan reaction / joke / low-detail emotional comment.,https://www.reddit.com/r/NYKnicks/comments/1u2nvxe/postgame_thread_new_york_knicks_31_defeat_san/
OG is incredible,casual_reaction,Fan reaction / joke / low-detail emotional comment.,https://www.reddit.com/r/NYKnicks/comments/1u2nvxe/postgame_thread_new_york_knicks_31_defeat_san/
Time to be insufferable!!!,casual_reaction,Fan reaction / joke / low-detail emotional comment.,https://www.reddit.com/r/NYKnicks/comments/1u2nvxe/postgame_thread_new_york_knicks_31_defeat_san/
Damn you Cardiac Knicks. On my to the damn Urgent Care.,casual_reaction,Fan reaction / joke / low-detail emotional comment.,https://www.reddit.com/r/NYKnicks/comments/1u2nvxe/postgame_thread_new_york_knicks_31_defeat_san/
GUESS THE PRESSURE GOT IN HIS HEAD,casual_reaction,Fan reaction / joke / low-detail emotional comment.,https://www.reddit.com/r/NYKnicks/comments/1u2nvxe/postgame_thread_new_york_knicks_31_defeat_san/
I’m still shaking,casual_reaction,Fan reaction / joke / low-detail emotional comment.,https://www.reddit.com/r/NYKnicks/comments/1u2nvxe/postgame_thread_new_york_knicks_31_defeat_san/
Now that’s some ethical basketball!,casual_reaction,Fan reaction / joke / low-detail emotional comment.,https://www.reddit.com/r/NYKnicks/comments/1u2nvxe/postgame_thread_new_york_knicks_31_defeat_san/
Refs in shambles,casual_reaction,Fan reaction / joke / low-detail emotional comment.,https://www.reddit.com/r/NYKnicks/comments/1u2nvxe/postgame_thread_new_york_knicks_31_defeat_san/
TAYLOR SWIFT DID IT,casual_reaction,Fan reaction / joke / low-detail emotional comment.,https://www.reddit.com/r/NYKnicks/comments/1u2nvxe/postgame_thread_new_york_knicks_31_defeat_san/
I LOVE YOU SO MUCH OG I LOVE YOU OG OGUGUA ANUNOBY I LOVE YOU,casual_reaction,Fan reaction / joke / low-detail emotional comment.,https://www.reddit.com/r/NYKnicks/comments/1u2nvxe/postgame_thread_new_york_knicks_31_defeat_san/
Just received a noise complaint from my hotel. Unbelievable.,casual_reaction,Fan reaction / joke / low-detail emotional comment.,https://www.reddit.com/r/NYKnicks/comments/1u2nvxe/postgame_thread_new_york_knicks_31_defeat_san/
"My mayor's Muslim, The bagel is Jewish. We're staying alive, Knicks in Five.",casual_reaction,Fan reaction / joke / low-detail emotional comment.,https://www.reddit.com/r/NYKnicks/comments/1u2nvxe/postgame_thread_new_york_knicks_31_defeat_san/
Wendy to cancun One more game to go,casual_reaction,Fan reaction / joke / low-detail emotional comment.,https://www.reddit.com/r/NYKnicks/comments/1u2nvxe/postgame_thread_new_york_knicks_31_defeat_san/
ARE YOU NOT ENTERTAINED!!!!!!!,casual_reaction,Fan reaction / joke / low-detail emotional comment.,https://www.reddit.com/r/NYKnicks/comments/1u2nvxe/postgame_thread_new_york_knicks_31_defeat_san/
NEW YORK IS ABOUT TO EXPLODE,casual_reaction,Fan reaction / joke / low-detail emotional comment.,https://www.reddit.com/r/NYKnicks/comments/1u2nvxe/postgame_thread_new_york_knicks_31_defeat_san/
I can't believe what I just saw!!,casual_reaction,Fan reaction / joke / low-detail emotional comment.,https://www.reddit.com/r/NYKnicks/comments/1u2nvxe/postgame_thread_new_york_knicks_31_defeat_san/
I can’t sleep tonight lol,casual_reaction,Fan reaction / joke / low-detail emotional comment.,https://www.reddit.com/r/NYKnicks/comments/1u2nvxe/postgame_thread_new_york_knicks_31_defeat_san/
GUYS I LOVE YOU IM SO HAPPY,casual_reaction,Fan reaction / joke / low-detail emotional comment.,https://www.reddit.com/r/NYKnicks/comments/1u2nvxe/postgame_thread_new_york_knicks_31_defeat_san/
Filling out my Knicks apology form for doubting a 29 point comeback was possible - I BELIEVE Knicks in 5,casual_reaction,Fan reaction / joke / low-detail emotional comment.,https://www.reddit.com/r/NYKnicks/comments/1u0toab/postgame_thread_san_antonio_spurs_12_defeat_new/
IS THIS REALLY HAPPENING? ARE WE REALLY UP 3-1? ARE WE REALLY ONE FUCKING GAME AWAY FROM A CHAMPIONSHIP?!?! HOLY SHIT WHAT A COME BACK!!!,casual_reaction,Fan reaction / joke / low-detail emotional comment.,https://www.reddit.com/r/NYKnicks/comments/1u2nvxe/postgame_thread_new_york_knicks_31_defeat_san/
Credit where credit is due - the motherfucking Wu Tang clan,casual_reaction,Fan reaction / joke / low-detail emotional comment.,https://www.reddit.com/r/NYKnicks/comments/1u2nvxe/postgame_thread_new_york_knicks_31_defeat_san/
OGesus. That is all.,casual_reaction,Fan reaction / joke / low-detail emotional comment.,https://www.reddit.com/r/NYKnicks/comments/1u2nvxe/postgame_thread_new_york_knicks_31_defeat_san/
Small kat is beyond thrilled we made the nba finals,casual_reaction,Fan reaction / joke / low-detail emotional comment.,https://www.reddit.com/r/NYKnicks/comments/1u2nvxe/postgame_thread_new_york_knicks_31_defeat_san/
"Fate of the universe on the line, Martians have the death beam pointed at Earth... GIVE ME LANDRY SHAMET!",casual_reaction,Fan reaction / joke / low-detail emotional comment.,https://www.reddit.com/r/NYKnicks/comments/1u2nvxe/postgame_thread_new_york_knicks_31_defeat_san/
The MVP the last time the Knicks were in the NBA finals in 1999. THANK YOU CAPTAIN!!!,casual_reaction,Fan reaction / joke / low-detail emotional comment.,https://www.reddit.com/r/NYKnicks/comments/1u2nvxe/postgame_thread_new_york_knicks_31_defeat_san/
GET FUCKING HUMBLED WEMBY,toxic_bad_faith,Direct hostile insult toward player.,https://www.reddit.com/r/NYKnicks/comments/1u2nvxe/postgame_thread_new_york_knicks_31_defeat_san/
Fuck that bum I’m so happy I get his tears,toxic_bad_faith,Direct insult toward player.,https://www.reddit.com/r/NYKnicks/comments/1u2nvxe/postgame_thread_new_york_knicks_31_defeat_san/
Wenbumyama,toxic_bad_faith,Insulting nickname.,https://www.reddit.com/r/NYKnicks/comments/1u2nvxe/postgame_thread_new_york_knicks_31_defeat_san/
HE A LOSERRRRR,toxic_bad_faith,Direct insult.,https://www.reddit.com/r/NYKnicks/comments/1u2nvxe/postgame_thread_new_york_knicks_31_defeat_san/
Honestly the finals exposed how fraudalent and performative he is. Dude talks fairness and passion for the game in front of the mic then grabs people's neck and shoves them. Skinny ass softie.,toxic_bad_faith,Harsh personal attack; contains some reasoning but hostile framing dominates.,https://www.reddit.com/r/NYKnicks/comments/1u2nvxe/postgame_thread_new_york_knicks_31_defeat_san/
"Fuck you, Doomers!!!",toxic_bad_faith,Direct attack on other users.,https://www.reddit.com/r/NYKnicks/comments/1u2nvxe/postgame_thread_new_york_knicks_31_defeat_san/
Get fucked you gangly piece of shit,toxic_bad_faith,Direct personal attack.,https://www.reddit.com/r/NYKnicks/comments/1u2nvxe/postgame_thread_new_york_knicks_31_defeat_san/
FUCK HIM,toxic_bad_faith,Hostile attack.,https://www.reddit.com/r/NYKnicks/comments/1u2nvxe/postgame_thread_new_york_knicks_31_defeat_san/
"F the refs, F the spurs, F anyone not with us. That is how you do it. New York Forever!!! 1 more just 1",toxic_bad_faith,Hostile us-vs-them wording.,https://www.reddit.com/r/NYKnicks/comments/1u0toab/postgame_thread_san_antonio_spurs_12_defeat_new/
WEMBY A FUCKING BITCH,toxic_bad_faith,Direct insult toward player.,https://www.reddit.com/r/NYKnicks/comments/1u2nvxe/postgame_thread_new_york_knicks_31_defeat_san/
FUCK THE REFS!! FUCK THE FRENCH FLOPPER!! NO JIVE!! KNICKS IN FIVE!!!!,toxic_bad_faith,Hostile insult/nationality-based reference.,https://www.reddit.com/r/NYKnicks/comments/1u2nvxe/postgame_thread_new_york_knicks_31_defeat_san/
Where are those low life Spurs fans who dropped in during halftime?,toxic_bad_faith,Insults opposing fans.,https://www.reddit.com/r/NYKnicks/comments/1u0toab/postgame_thread_san_antonio_spurs_12_defeat_new/
Wemby is soft!!!! He has nothing OG!!!!!,toxic_bad_faith,Player insult; borderline casual but hostile.,https://www.reddit.com/r/NYKnicks/comments/1u0toab/postgame_thread_san_antonio_spurs_12_defeat_new/
"GTFO OF HERE DOOMERS, Y'ALL DON'T DESERVE THIS TEAM, DON'T COME TO THE PARADE",toxic_bad_faith,Direct attack on other users.,https://www.reddit.com/r/NYKnicks/comments/1u2nvxe/postgame_thread_new_york_knicks_31_defeat_san/
YOU ARE NEVER UP ON THE KNICKS YOU ABSOLUTE PYLONS,toxic_bad_faith,Direct insult.,https://www.reddit.com/r/NYKnicks/comments/1u2nvxe/postgame_thread_new_york_knicks_31_defeat_san/
"FUCK THE DOOMERS IN THE CHAT, WERE IN THEIR FUCKING HEAD!!!!!!!!!!!!!!! NYK!!!!!!",toxic_bad_faith,Direct attack on users.,https://www.reddit.com/r/NYKnicks/comments/1u2nvxe/postgame_thread_new_york_knicks_31_defeat_san/
Talk all that shit now Wemby. Get fucked. Knicks in 5.,toxic_bad_faith,Direct hostile attack.,https://www.reddit.com/r/NYKnicks/comments/1u0toab/postgame_thread_san_antonio_spurs_12_defeat_new/
Where all those spurs cucks in our feeds now..?,toxic_bad_faith,Insult toward opposing fans.,https://www.reddit.com/r/NYKnicks/comments/1u2nvxe/postgame_thread_new_york_knicks_31_defeat_san/
IF YOURE NOT UP BY FUCKING 40 WE’RE PUTTING YOU IN A PACK. STOP FUCKIN PLAYING WITH US WE’RE ONE OF FUCKING ONE,toxic_bad_faith,Aggressive hostile wording.,https://www.reddit.com/r/NYKnicks/comments/1u2nvxe/postgame_thread_new_york_knicks_31_defeat_san/
"ALL YOU BITCH ASS SPURS FANS TROLLING US EARLIER, HOW YOU LIKE THE TASTE OF OG’S NUTS?!",toxic_bad_faith,Direct attack on opposing fans.,https://www.reddit.com/r/NYKnicks/comments/1u2nvxe/postgame_thread_new_york_knicks_31_defeat_san/
I have such little respect for Wemby after this series. He’s a dirty fucking player and flops like a wet noodle. And this is the punk ass they want to make the face of the NBA?,toxic_bad_faith,Direct player insult.,https://www.reddit.com/r/NYKnicks/comments/1u0toab/postgame_thread_san_antonio_spurs_12_defeat_new/
All of the Pedophiles in the building were the reason we lost tonight.,toxic_bad_faith,Hostile name-calling.,https://www.reddit.com/r/NYKnicks/comments/1u2nvxe/postgame_thread_new_york_knicks_31_defeat_san/
Wemby can suck my dick man. Hes a bitch and if hes actually the future of the league not sure I will be watching that future.,toxic_bad_faith,Direct abusive insult.,https://www.reddit.com/r/NYKnicks/comments/1u0toab/postgame_thread_san_antonio_spurs_12_defeat_new/
FUCK YOU TRUMP,toxic_bad_faith,Direct hostile attack on public figure.,https://www.reddit.com/r/NYKnicks/comments/1u2nvxe/postgame_thread_new_york_knicks_31_defeat_san/
Fuck Trump,toxic_bad_faith,Direct hostile attack on public figure.,https://www.reddit.com/r/NYKnicks/comments/1u0toab/postgame_thread_san_antonio_spurs_12_defeat_new/
"The referees were smoking dick tonight, how do you allow a team to get in the bonus within four minutes of the fourth quarter starting",toxic_bad_faith,Abusive officiating attack; borderline complaint.,https://www.reddit.com/r/NYKnicks/comments/1u2nvxe/postgame_thread_new_york_knicks_31_defeat_san/
We played like ass but the spurs getting 10 more FTs as the away team is fucking horse shit.,toxic_bad_faith,Hostile wording; borderline constructive.,https://www.reddit.com/r/NYKnicks/comments/1u2nvxe/postgame_thread_new_york_knicks_31_defeat_san/
"Next game, take out Wemby. Pull on Castle’s stupid fucking hair. They wanna play dirty, do it right back. Fuck the Spurs.",toxic_bad_faith,Encourages retaliation/violence; toxic.,https://www.reddit.com/r/NYKnicks/comments/1u0toab/postgame_thread_san_antonio_spurs_12_defeat_new/
Lol Trump jinx. He's such a piece of shit.,toxic_bad_faith,Direct personal insult.,https://www.reddit.com/r/NYKnicks/comments/1u0toab/postgame_thread_san_antonio_spurs_12_defeat_new/
"They used the orange fucks bonus security as a barrier to Knicks fans from getting the refs after tonight. Wow we get a fair game 4 and game 5/6 are going to be a mugging. Fuck Adam Silver, Fuck Refs, Fuck the NBA. Fuck gambling getting into sports, fuck ratings.",toxic_bad_faith,Hostile rant; direct attacks.,https://www.reddit.com/r/NYKnicks/comments/1u0toab/postgame_thread_san_antonio_spurs_12_defeat_new/
Fuck Donald Trump,toxic_bad_faith,Direct hostile attack on public figure.,https://www.reddit.com/r/NYKnicks/comments/1u0toab/postgame_thread_san_antonio_spurs_12_defeat_new/
"Fuck you, James Dolan.",toxic_bad_faith,Direct personal attack.,https://www.reddit.com/r/NYKnicks/comments/1u0toab/postgame_thread_san_antonio_spurs_12_defeat_new/
"Refereeing continues to be a fucking joke, hopefully this shit wakes them up. Knicks in 5.",toxic_bad_faith,Hostile attack on refs; borderline casual.,https://www.reddit.com/r/NYKnicks/comments/1u2nvxe/postgame_thread_new_york_knicks_31_defeat_san/
"Bridges was too fucking passive, SHOOT MORE?!!!!!",toxic_bad_faith,Aggressive player attack; borderline constructive.,https://www.reddit.com/r/NYKnicks/comments/1u0toab/postgame_thread_san_antonio_spurs_12_defeat_new/
The refs were blantly doing their best to get the spurs back into this.,toxic_bad_faith,Bad-faith accusation; borderline constructive.,https://www.reddit.com/r/NYKnicks/comments/1u0toab/postgame_thread_san_antonio_spurs_12_defeat_new/
"That French stickbug should have been thrown out in the first quarter. Fuck these refs. Whatever, Knicks in 5",toxic_bad_faith,Insulting nickname; hostile.,https://www.reddit.com/r/NYKnicks/comments/1u0toab/postgame_thread_san_antonio_spurs_12_defeat_new/
Screw job complete. Fuck these refs. Jump them coming out of the garden.,toxic_bad_faith,Violent hostile comment.,https://www.reddit.com/r/NYKnicks/comments/1u0toab/postgame_thread_san_antonio_spurs_12_defeat_new/
They brought out all the former knicks to witness how pathetic we are.,toxic_bad_faith,Hostile self-directed fan/team attack.,https://www.reddit.com/r/NYKnicks/comments/1u2nvxe/postgame_thread_new_york_knicks_31_defeat_san/
"He did this shit with the Kings too, idk how.",toxic_bad_faith,Profanity but mostly casual; included as mild toxic edge case.,https://www.reddit.com/r/NYKnicks/comments/1qfxbrt/post_game_thread_nba_the_suns_defeat_the_knicks/
"played like dogshit all night, racked up fouls in the second half, rewarded with closing.",toxic_bad_faith,Aggressive player critique; difficult edge case.,https://www.reddit.com/r/NYKnicks/comments/1u2nvxe/postgame_thread_new_york_knicks_31_defeat_san/
So that Mike brown can play 12 guys every night fuck,toxic_bad_faith,Hostile coach criticism.,https://www.reddit.com/r/NYKnicks/comments/1u2nvxe/postgame_thread_new_york_knicks_31_defeat_san/
KAT is checkped out and is killing the team vibes.,toxic_bad_faith,Harsh player claim.,https://www.reddit.com/r/NYKnicks/comments/1qfxbrt/post_game_thread_nba_the_suns_defeat_the_knicks/
"Kat has gotta go, seems like there is a culture war happening behind the scenes guys are just ass right now and the effort looks really poor since we won the cup, completely fucking different team",toxic_bad_faith,Harsh team/player attack.,https://www.reddit.com/r/NYKnicks/comments/1u2nvxe/postgame_thread_new_york_knicks_31_defeat_san/
Giannis not happening. We just need to liquidate KAT for smaller pieces before he becomes a toxic asset.,toxic_bad_faith,Dehumanizing/hostile asset framing; edge case.,https://www.reddit.com/r/NYKnicks/comments/1qfxbrt/post_game_thread_nba_the_suns_defeat_the_knicks/
Mike Brown should resign and teach courses on how to nail a job interview.,toxic_bad_faith,Sarcastic personal attack.,https://www.reddit.com/r/NYKnicks/comments/1qfxbrt/post_game_thread_nba_the_suns_defeat_the_knicks/
That fuck should have never opened his damn mouth. Wear your damn rangers scarf and blow harmonicas just leave this team tf alone,toxic_bad_faith,Direct hostile attack.,https://www.reddit.com/r/NYKnicks/comments/1u2nvxe/postgame_thread_new_york_knicks_31_defeat_san/
mike brown is darvin ham with charisma. i want to cease to exist every time i watch this team,toxic_bad_faith,Harsh coach insult; self-deprecating.,https://www.reddit.com/r/NYKnicks/comments/1u2nvxe/postgame_thread_new_york_knicks_31_defeat_san/
I don't know who should be more insulted by this comparison. Seriously,toxic_bad_faith,Insulting comparison.,https://www.reddit.com/r/NYKnicks/comments/1u2nvxe/postgame_thread_new_york_knicks_31_defeat_san/
Luka bitches constantly and he leads the league in FTs,toxic_bad_faith,Hostile player reference.,https://www.reddit.com/r/NYKnicks/comments/1qfxbrt/post_game_thread_nba_the_suns_defeat_the_knicks/
Towns doesn’t get calls because he does dumb shit and moves goofy and out of controlled,toxic_bad_faith,Hostile player critique.,https://www.reddit.com/r/NYKnicks/comments/1qfxbrt/post_game_thread_nba_the_suns_defeat_the_knicks/
also he could probably have even more offensive fouls. he does not get the benefit of the doubt because of the way he plays/flails around,toxic_bad_faith,Harsh player critique; borderline constructive.,https://www.reddit.com/r/NYKnicks/comments/1u2nvxe/postgame_thread_new_york_knicks_31_defeat_san/
Divo has one of the best plus minuses in the league rn. I’m fuckin sick everyday we did that trade. We are a million times better with him then either kat or bridges,toxic_bad_faith,Aggressive team/player comparison.,https://www.reddit.com/r/NYKnicks/comments/1qfxbrt/post_game_thread_nba_the_suns_defeat_the_knicks/
"Moves need to come before the deadline. The team is freefalling, and if the coach isn’t being scapegoated it needs to happen ASAP",toxic_bad_faith,Calls for scapegoating; toxic edge case.,https://www.reddit.com/r/NYKnicks/comments/1u2nvxe/postgame_thread_new_york_knicks_31_defeat_san/
Brown buddying it up with Draymond after he tried to injure KAT may have lost him the locker room. That was an incredibly bad look.,toxic_bad_faith,Hostile bad-faith interpretation; edge case.,https://www.reddit.com/r/NYKnicks/comments/1qfxbrt/post_game_thread_nba_the_suns_defeat_the_knicks/
Top tier gaslighter. Looking like a mid major college team in the last possession is okay apparently as long as Brunson gets the ball.,toxic_bad_faith,Direct insult / bad-faith framing.,https://www.reddit.com/r/NYKnicks/comments/1su363x/players_post_game_comments/
You cannot be serious rn,toxic_bad_faith,Dismissive bad-faith reply; edge case.,https://www.reddit.com/r/NYKnicks/comments/1u2nvxe/postgame_thread_new_york_knicks_31_defeat_san/
I feel really bad for all the slander Kat had to go through this season. He was a distraction from the real problem.,toxic_bad_faith,Uses slander/problem framing; difficult edge case.,https://www.reddit.com/r/NYKnicks/comments/1su363x/players_post_game_comments/
Brunson’s response was absolutely lacking. Looks everything but the captain right now.,toxic_bad_faith,Harsh player character critique.,https://www.reddit.com/r/NYKnicks/comments/1su363x/players_post_game_comments/
KAT was a good soldier all season and continues to be. I get as frustrated with his play as anyone at times but he's not the problem.,toxic_bad_faith,Not toxic in isolation; included as hard boundary example.,https://www.reddit.com/r/NYKnicks/comments/1su363x/players_post_game_comments/
The NEW YORK KNICKS ARE GOING TO THE FUCKING NBA FINALS. TIME TO PARTY LIKE ITS 1999,toxic_bad_faith,"Profanity only; hard boundary example, not actually abusive.",https://www.reddit.com/r/NYKnicks/comments/1u2nvxe/postgame_thread_new_york_knicks_31_defeat_san/
